【年月度 での弊社リアル本ランキング】位 徹底解説  位 わかばちゃんと学ぶ 使い方入門位 と実データで遊んで学ぶ データ分析講座位 はじめ…	0
【年月度 弊社の電子書籍売上ランキング】位 わかばちゃんと学ぶ使い方入門位 徹底解説  位 と実データで遊んで学ぶ データ分析講座位 超例解カ…	0
【人気書籍ランキング更新】大注目会計処理を安心して学べるあの書籍がランクイン今週の売れ筋ベストはこちら	0
【人気書籍ランキング更新】エンジニアとして必要な知識・スキルを解説したあの書籍がランクイン今週の売れ筋ベストはこちら	0
【臨時告知】「年版 年賀状データ集  」北斎ぬりえ特典付きキャンペーン大好評につき年月日まで、応募期間の延長が決まりました年賀状の準備はお早めに…	0
【新刊情報】で作る モバイルアプリ制作入門版 対応の見本が出来上がりました😄を利用したアプリ制作を丁寧に解説…	0
【新刊情報】はじめて使う 弥生会計の見本が出来上がりました😄「弥生会計」の最新バージョン「弥生会計 」の解説書	0
【人気書籍ランキング更新】今、最も人気があるエディターのあの書籍がランクイン今週の売れ筋ベストはこちら	0
【北斎ぬりえ特典付き】年賀状の準備はお済みですかまだの方必見令和最初のプレミアムな年賀ハガキを大切なあの人に送ってみてはいかがでしょうか。ハガキを選び印刷するだけで簡単に送れます「年版 年賀状データ集 …	0
【予約受付中】新元号や消費税、軽減税率など最新の法令や税制改正にもバッチリ対応最新の弥生会計の解説本が今年もでます税理士のアドバイスもたくさん載っているので安心です「はじめて使う 弥生会計」	0
【臨時告知】『マンガでわかる 赤ちゃんができたら知っておきたい 教育資金の本』キャンペーン大好評につき月日月まで、期間延長が決まりました役立つ特典をプレゼント中すでにでご…	0
【速報】消費税や軽減税率に対応した「はじめて使う弥生会計」の月日以降、順次書店様に入手できます。さんは日に→はじめて使う 弥生会計   嶋田 知子  さんから	0
ぜひぜひ🐕会社犬研究所	0
【人気書籍ランキング更新】大注目機械学習エンジニア必読の書籍がランクイン今週の売れ筋ベストはこちら	0
【締切】教育資金の貯めるのに役立つ特典をプレゼント中すでにでご購入した方もご応募可能です。『マンガでわかる 赤ちゃんができたら知っておきたい 教育資金の本』	0
【年月度 弊社の電子書籍売り上げランキング】位 わかばちゃんと学ぶ使い方入門位 超例解カーネルプログラミング位 情報整理術位 基礎から学ぶ 位 …	0
【特典付き】お金の専門家が監修しているので、子供の教育資金を賢く貯めるコツがよくわかります。ウチは共働きで大学なんて無理と思った方必見です『マンガでわかる 赤ちゃんができたら知っておきたい 教育資金の本』	0
【好評発売中】年賀状素材といったらコレで決まり家族みんなで使える素材がたっぷり点以上入っています知り合いと「かぶった」という心配もありません。北斎ぬりえ特典付き「年版 年賀状データ集 …	0
【年月度 での弊社リアル本実売ランキング】位 徹底解説  位 データサイエンスの森の歩き方位 わかばちゃんと学ぶ 使い方入門位 組込みエン…	0
【好評発売中】教育資金のテーマごとにマンガと解説がセットで読めるのでわかりやすい内容になっています巻末には素朴な疑問のもあります『マンガでわかる 赤ちゃんができたら知っておきたい 教育資金の本』…	0
【人気書籍ランキング更新】今注目のあの教育資金の書籍や人気書籍がランクイン今週の売れ筋ベストはこちら	0
ここ一ヶ月、この本の売上が急上昇中です「お金持ちとそうでないひとがいるのはなぜ」「銀行は時に閉まるけど中で何やってるの」「なぜ株は上がったり下がったりするの」などお金の素朴な疑問が満載⇒小学生でもわかる お金にま…	0
研究所では編集者・・デザイナーを募集しています新潟本社勤務、リモートワーク、色々な働き方を応援いたします。お問い合わせ先は人事部の藤原まで🐾	0
【特典付き】子供の将来の学費に不安のある方必見キャリア年の教育資金の哲人ソクラ哲が賢く貯めるコツをマジメでおもしろく伝授します『マンガでわかる 赤ちゃんができたら知っておきたい 教育資金の本』…	0
【北斎ぬりえ特典付き】より年賀ハガキの発売が始まります令和最初の年賀状はプレミアムな一枚を送ってみてはいかがでしょうか。「年版 年賀状データ集  」西方	0
【人気書籍ランキング更新】ノーベル化学賞で注目の書籍や月新刊が続々ランクイン今週の売れ筋ベストはこちら	0
【特典付き】あなたは子供が大学を卒業するまでにかかる教育資金はいくら必要になるか知っていますか教育資金を賢く貯めるコツがわかる『マンガでわかる 赤ちゃんができたら知っておきたい 教育資金の本』好評発売中西方…	0
【増刷情報】『徹底解説  』の増刷が仕上がりました♪、最も人気があるエディター「  」について、基本から応用ま…	0
【ベストセラー位はがきソフト売れ筋ランキング】「年版 年賀状データ集  」なら点以上の素材の中から自由に選べるので、あなた好みのデザインがきっと見つかります北斎のぬり絵…	0
【特典をプレゼント】将来の教育資金に不安のある方でも大丈夫お金の専門家が監修しているので、子供の教育資金を賢く貯めるコツがよくわかります『マンガでわかる 赤ちゃんができたら知っておきたい 教育資金の本』西方	0
【北斎のぬり絵特典付き】日本画の巨匠の作品を使った年賀状や富士山・スポーツ・令和年賀状も収録限定ダウンロードキャンペーン実施中「年版 年賀状データ集  」西方	0
【祝ノーベル化学賞受賞】吉野彰氏が開発したリチウムイオン電池の仕組みはもちろん、私たちの生活を支えるさまざまな電池の構造や発電方法などイラスト入りで科学的に解説西方	0
【増刷情報】「わかばちゃんと学ぶ アナリティクス」第刷が出来上がりました😄マンガ実践でアクセス解析がよくわかる「ながめているだけ」を卒業もっと成果の出るアクセス解…	0
【新刊情報】「データサイエンスの森の歩き方」の見本が届きました😄の概要から、コンペティションへの参加方法、コードの実行方法、活用方法など、幅広く解説	0
【新刊情報】「マンガでわかる 赤ちゃんができたら知っておきたい 教育資金の本」の見本が届きました😄で購入すると教育資金に役立つ特典がもらえる	0
【人気ランキング更新】研究所の週間売れ筋書籍トップを更新しました第位には、「基礎から学ぶ 」がランクイン😊♪  分かりやすい図解と解説で「」を基礎から学べる チュートリアルや実例集盛りだくさ…	0
【ベストセラー位はがきソフト売れ筋ランキング】「年版 年賀状データ集  」豪華特別企画葛飾北斎日本画や富士山年賀状など収録令和最初の年賀状はこれで決まり今なら北斎のぬり絵…	0
【はがきソフト売れ筋ランキング位】「年版 年賀状データ集  」家族みんなで使える高品質データを点以上収録今なら北斎のぬり絵のダウンロード特典付き西方…	0
【人気ランキング更新】研究所の週間売れ筋書籍トップを更新しました 第位に「小学生でもわかる お金にまつわるそもそも事典」がランクイン😆✨ 「お金ってどうやって生まれたの」… お金にまつわる素朴な疑問を形式…	0
【特典をプレゼント】のなか見検索公開されました月新刊『マンガでわかる 赤ちゃんができたら知っておきたい 教育資金の本』で予約・購入すると『教育資金の貯め方 みつかる』特典がもらえ…	0
【はがきソフト売れ筋ランキング位】「年版 年賀状データ集  」なら点以上の素材の中から自由に選べるので、あなた好みのデザインがきっと見つかります北斎のぬり絵特典付き…	0
【特典をプレゼント】月新刊「マンガでわかる 赤ちゃんができたら知っておきたい 教育資金の本」をで予約・購入すると『教育資金の貯め方 みつかる』特典がもらえます西方…	0
【本日発売】「年版年賀状データ集 」が発売になりました今ならで年賀状データ集を購入すると北斎のぬり絵がもらえるキャンペーン実施中西方	0
【立ち読みページ公開】マンガと解説がセットで読めるのでわかりやすいです月新刊『マンガでわかる 赤ちゃんができたら知っておきたい 教育資金の本』キャンペーン実施中西方	0
【年月度 弊社の電子書籍売り上げランキング】位 わかばちゃんと学ぶ使い方入門位 超例解カーネルプログラミング位 基礎から学ぶ 位 組込みエンジニアの教科書位 …	0
【人気ランキング更新】研究所の週間売れ筋書籍トップを更新しました第位に新刊「徹底解説  」がランクイン😆♪ 今、最も人気のエディター  ✨プログラミング…	0
【予約受付中】教育資金の貯め方のコツをわかりやすいマンガで解説月新刊『マンガでわかる 赤ちゃんができたら知っておきたい 教育資金の本』今なら教育資金に役立つ特典付きキャンペーン実施中西方…	0
さんで一時的に在庫切れですが、一両日中に在庫回復いたします。お急ぎの方は最寄りの大手書店に在庫がございますので、そちらからお求め下さいませ。ご迷惑をおかけして申し訳ございません。⇒徹底解説 …	0
【キャンペーン実施中】月新刊『マンガでわかる 赤ちゃんができたら知っておきたい 教育資金の本』をにて予約・購入すると『教育資金の貯め方 みつかる』特典をプレゼント西方	0
素晴らしい原稿をありがとうございました🐕会社犬研究所🐾	0
ありがとうございます🐕会社犬研究所	0
【人気ランキング更新】研究所の週間売れ筋書籍トップを更新しました第位には、「基礎から学ぶ クリエイターズスタンプ」がランクイン✨ 初心者でもスタンプが作れる😳 制作の基礎から登録・販売方法まで全ペー…	0
【増刷情報】またまた増刷大ヒット商品「インフラエンジニアの教科書」の第刷が出来上がりました😄前半の基礎知識と後半のノウハウが現場…	0
ＩＯＣ会長「放射性物質汚染の対応適切」参加国に伝達へ安倍首相と面会  さんから	0
【新刊情報】「徹底解説  」の見本が届きました😊「   」…	0
【人気ランキング更新】研究所の週間売れ筋書籍トップを更新しました位には、「新人ガール使って業務プロセス改善します」がランクイン😆会社の業務改善は「」でうまくいく業務改善を行う方法を小説風の物…	0
【人気ランキング更新】研究所の週間売れ筋書籍トップを更新しました 第位には、「インフラエンジニアの教科書」がランクインそもそもインフラエンジニアって何どうしたらなれるのそんな疑問を徹底解説どんな毎週更新→	0
【年月度弊社のさんでのリアル本の実売ランキング】位と実データで遊んで学ぶ データ分析講座🏆位基礎から学ぶ 位わかばちゃんと学ぶ 使い方入門位はじめて使う…	0
【増刷情報】組込みエンジニアの教科書の第刷が出来上がりました😊、必読の冊や を使った…	0
【人気ランキング更新】研究所の週間売れ筋書籍トップを更新しました第位には「サイエンス 知られざる金属の不思議」がランクイン😆♪ 「燃える金属」があるって知ってましたか 他にも知っていそうで意外と知らない金…	0
【年月度 研究所の電子書籍売り上げランキング】位わかばちゃんと学ぶ使い方入門位基礎から学ぶ 位運用☆ちゃんと学ぶ システム運用の基本位図解速習 …	0
素晴らしいですね💐名著をありがとうございます🐕会社犬研究所	0
ありがとうございます🐕	0
【増刷情報】基礎から学ぶ の第刷が出来上がりました😊時々登場するネコがニャンとも可愛い♡	0
【人気ランキング更新】研究所の週間売れ筋書籍トップを更新しました第位には「基礎から学ぶ クリエイターズスタンプ」がランクイン😆✨ スタンプ制作におけるアイデアの出し方など初心者でも分かりやすく基礎から…	0
【増刷情報】サイエンス 身近に潜む危ない化学反応の第刷が出来上がりました	0
【新刊情報】サイエンス 知られざる金属の不思議の見本が届きました😊	0
【人気ランキング更新】研究所の週間売れ筋書籍トップを更新しました第位に「ビギナーズガイド」がランクイン✨ について基礎から徹底的に解説😊 最新バージョン に対応して…	0
日の夜に在庫復活いたしました。ご迷惑をおかけいたしました会社犬研究所	0
【人気ランキング更新】研究所の週間売れ筋書籍トップを更新しました第位には、注目の新刊「と実データで遊んで学ぶ データ分析講座がランクイン✨😊 を使ったデータ分析について遊んで学べます♪毎週更…	0
【年月度 弊社の電子書籍の売上ランキング】位 運用☆ちゃんと学ぶ システム運用の基本位 図解速習 位 わかばちゃんと学ぶ位 基礎から学ぶ 位 組込みエンジニ…	0
【新刊情報】基礎から学ぶ クリエイターズスタンプの見本が届きました😊、登録・申請方法、リジェクト不合格されないためのポイントを…	0
【人気ランキング更新】研究所の週間売れ筋書籍トップを更新しました今週は人気書籍が続々ランクイン✨ぜひチェックしてみてくださいね😁毎週更新→	0
【年月度 弊社のリアル本実売ランキング】位 超例解カーネルプログラミング位 基礎から学ぶ 位 はじめて使う 弥生会計位 わかばちゃんと学ぶ 使い方入門位 組…	0
【新刊情報】と実データで遊んで学ぶ データ分析講座の見本が届きました😊「ある程度、中身を知って使える」を目指す入…	0
やったー🐾会社犬研究所	0
【人気ランキング更新】研究所の週間売れ筋書籍トップを更新しました第位は新刊の「仕事や転職で悩んだときに伝えたいこと」がランクイン仕事や転職についての悩みに寄り添う一冊です😊毎週更新→	0
ご結婚おめでとうございます🍰会社犬研究所	0
【人気ランキング更新】研究所の週間売れ筋書籍トップを更新しました第位には新刊の「超例解カーネルプログラミング」がランクイン✨要チェック😆毎週更新→	0
【人気ランキング更新】研究所の週間売れ筋書籍トップを更新しました第位には「小学生でもわかる スマホパソコンそもそも辞典」が新たにランクイン✨スマホやパソコンに関するそもそもを形式で徹底解説毎週更新→	0
【新刊情報】仕事や転職で悩んだときに伝えたいこと見本が届きました😊「伝説の人事部長」が仕事や転職で悩んでいる方の悩みが少しでも和らぎ、新たな活力を生むために役立つアドバイス	0
【悲報】月の技術書展に弊社は抽選で落選してしまいました💧	0
いいなー🐾会社犬研究所	0
【人気ランキング更新】研究所の週間売れ筋書籍トップを更新しました第位には「基礎から学ぶ 」が先週に引き続きランクイン✨基礎から実例までわかりやすく解説😊書籍と合わせてもお読みいただけます毎週更新→	0
【新刊情報】超例解カーネルプログラミング〜最先端カーネルの修正コードから学ぶソフトウェア品質〜見本が届きました😊カーネルのソースコードの見方から丁寧に解説…	0
【年月度弊社のリアル本実売ランキング】位 わかばちゃんと学ぶ 入門🏆位 基礎から学ぶ 位 組込みエンジニアの教科書位 はじめて使う 弥生会計位  アンサンブル学習アル…	0
人気ランキング更新】研究所 人気ランキング更新】研究所の週間売れ筋書籍トップを更新しました第位には「わかばちゃんと学ぶ使い方入門」がランクイン😊マンガと実践で楽しく学ぶ入門書ですこれからを…	0
上梓おめでとうございます。素晴らしい本ができあがりました🐾会社犬研究所	0
「データマイニングエンジニアの教科書」の著者の森下先生のインタビュー記事です。⇒アカデミア出身のデータマイニングエンジニアが思う、「企業で働く」ということ	0
【好評発売中】データマイニングエンジニアの教科書、財務会計や技術者倫理などについても解説してあり、まさに「教養」を身に付けるための内容になっています	0
池袋に行かれる際には是非ジュンク堂書店池袋本店で本書をゲットして下さい🐾会社犬研究所	0
ただ今、ランキング急上昇中です🐾⇒完全脱出マニュアル   池上純平  さんから	0
秋葉原にお越しの際には書泉ブックタワーさんに🐾会社犬研究所	0
こちらこそ、ありがとうございます。無敵のインフラエンジニア本ですね。次回作、首を長～くしてお待ちしております🐾会社犬研究所	0
お手数をおかけ致しますが、どうぞよろしくお願いいたします。本の完成が楽しみです🐾会社犬研究所	0
【人気ランキング更新】研究所の週間売れ筋書籍トップを更新しました第位にランクインしたのは「完全脱出マニュアル」✨転職などによって楽しく働けるようになるまでをサポートする書籍ですいまの仕事に悩んでいる方にオスス…	0
【増刷情報】インフラエンジニアの教科書 スキルアップに効く技術と知識✴第刷✴が出来上がりました😊実務経験が数年のエンジニアを対象とした内容で、インフラエンジニアとして知っておきたい原理原則などをわかりやすく解説…	0
骨太の力作ですね。ありがとうございます🐾会社犬研究所	0
湊川先生、ありがとうございます🐾おかげさまでロングセラーの素晴らしいシリーズに大きく育ちました会社犬研究所	0
【人気ランキング更新】研究所の週間売れ筋書籍トップを更新しました第位には最新刊の「データマイニングエンジニアの教科書」が登場⭐️データを基礎知識を解説していますデータマイニングを行う人にオススメの冊です😌毎週更新→	0
【新刊情報】データマイニングエンジニアの教科書の見本が届きました😊データを分析するための知識を技術について、統計・エンジニアリング・ビジネス・倫理の基礎知識を解説	0
とても素晴らしい、そして素敵な本に仕上がりました。一生懸命に売って行きますので、どうか口コミ宣伝もよろしくお願いします🐕会社犬研究所🐾	0
【新刊情報】完全脱出マニュアルの見本が届きました😊や企業で楽しく働けていない人が、転職などによって楽しく働けるようになるまでをサポートするためのマニュアル	0
【速報】刷り目の増刷が決定しました。超ロングセラーですね🐕⇒インフラエンジニアの教科書 スキルアップに効く技術と知識   佐野 裕  さんから	0
【人気ランキング更新】研究所の週間売れ筋書籍トップを更新しました第位はロングセラーの「インフラエンジニアの教科書」がランクイン✨インフラエンジニアの知識やスキル、どういう仕事なのかなどをわかりやすく解説します😆毎週更新→	0
新刊のゲラを確認しました。内容の濃い凄い本ができあがりました年程前に執筆依頼にサーバーエンジェントさんにお邪魔したのが昨日のようです。エンジニア必読の冊ですね会社犬研究所⇒データマイニングエ…	0
👏	0
【年月度弊社のリアル本の実売ランキング】位図解速習 位はじめて使う 弥生会計位わかばちゃんと学ぶ 使い方入門位組込みエンジニアの教科書位運用…	0
【年月度 研究所の電子書籍実売ランキング】位わかばちゃんと学ぶ 使い方入門位基礎からわかる 位基礎から学ぶ 位改訂版 ネットワークエンジニアの教科書位新人ガー…	0
なるほど一応、訂正情報は『読者の広場」→「訂正情報」に掲載しております。ただ、メニュー構造が分かりにくいかも知れませんでしたね。今後の参考にさせていただきます。ありがとうございました🐾会社犬研究所	0
【人気ランキング更新】研究所の週間売れ筋書籍トップを更新しました今週は「［図解］超早わかり 歳成人と法律」が第位にランクイン😍知らなかったでは済まされない 歳成年法の具体的な改正内容やポイントをイラスト入り…	0
サンプルデータの所在地のことでしょうか次のから「サンプルデータダウンロード」をクリックしていただけると入手できます。	0
【速報】予約の段階で現在位を獲得＼超例解カーネルプログラミング最先端カーネルの修正コードから学ぶソフトウェア品質	0
おーー、まじにバンドできそうです🎸会社犬研究所	0
ありがとうございます🐾会社犬研究所	0
【予約受付中】発売と実データで遊んで学ぶ データ分析講座 理論と実践のどちらにもフォーカスを当てや機械学習について「ある程度、中身を知って使える」を目指す入門書 や国の統計デー…	0
【予約受付中】 発売超例解カーネルプログラミング最先端カーネルの修正コードから学ぶソフトウェア品質 の最先端でどんなことが行われているかプロのプログラマでない方にもわかるようにていね…	0
ドラムで参加したかった🐾ｗ会社犬研究所	0
おーありがとうございます🐾会社犬研究所	0
【人気ランキング更新】研究所の週間売れ筋書籍トップを更新しました第位は最新刊の「作ってわかる アンサンブル学習アルゴリズム入門」✨「アンサンブル学習」について、基礎的な部分から解説し実際にコードを作成しながらその動…	0
ありがとうございますいちおう肉球で入力してますｗ🐾会社犬研究所	0
【通信最新号】書店様と弊社を結ぶコミュニケーションペーパーが完成日々忙しい書店員さんが少しでもホッと一息出来ますように 旦月より順次お届けします。	0
【発売間近】作ってわかる アンサンブル学習アルゴリズム入門数式でアルゴリズムを理解するのではなく、実際に一からプログラムを書き、コードに触れることで得られる知識は、実際のデータ解析…	0
ありがとうございます🐕会社犬研究所	0
【人気ランキング更新】研究所の週間売れ筋書籍トップを更新しました今週は新刊冊がランクイン✨第位は「図解速習 」最新トレンドとその追い方や、無料クラウドのを活用し…	0
作ってわかる アンサンブル学習アルゴリズム入門   坂本 俊之  さんから	0
【新刊情報】作ってわかる アンサンブル学習アルゴリズム入門 の見本が届きましたやなどに代表されるアンサンブル学習のアルゴリズムを でゼロから実装することで、その仕組みや原理を学べる…	0
【新連載】今回から新たにコマ漫画「ラッキーとゆかちゃん」の連載が始まります🎉会社犬・ラッキーと、元気いっぱいの新米社員・ゆかちゃんによるゆるコメディー漫画です✨記念すべき第回は、元気がでないラッキーのもとにニューフェイスが…	0
【新刊情報】サイエンスミステリー 亜澄錬太郎の事件簿［新潟編］撤退の代償の見本が届きました😊	0
【年月度 弊社の電子書籍の売り上げランキング】位わかばちゃん使い方入門🏆位今すぐ使えるレシピブック位新人ガール使って業務プロセス改善します位基礎からわかる 位基礎…	0
【人気ランキング更新】研究所の週間売れ筋書籍トップを更新しました 今週は最新刊が位にランクイン🌟 週連続ランクインの「わかばちゃんと学ぶ使い方入門」はマンガと実践で学ぶの入門書✨からを使い始める人…	0
本日、増刷分が刷り上がって倉庫に入りました。書店の皆さま、よろしくお願いいたします。⇒わかばちゃんと学ぶ 使い方入門〈、、〉   湊川 あい  さんから	0
【年月度 当社のリアル本ランキング】位 運用☆ちゃんと学ぶ システム運用の基本位 組込みエンジニアの教科書位 はじめて使う弥生会計位 わかばちゃんと学ぶ使い方入門位…	0
運用ちゃんデプロイイベント間もなく始まりますな、なんとスパークリングワインも🍷	0
運用ちゃんデプロイイベント間もなく富士通さんにて、開催されます楽しみーー🐕会社犬研究所	0
明日、池田が参加させていただきます。お会いできるのを楽しみにしています🐕会社犬研究所	0
【増刷情報】新人ガール使って業務プロセス改善します第刷が出来上がりました😊小説がメインで、そのものがたりからをビジネス業務プロセス改善に活かす方法を学…	0
【人気ランキング更新】研究所の週間売れ筋書籍トップを更新しました今週は新刊冊がランクイン✨位は「サイエンス レアメタル・レアアースの驚くべき能力」。一般的な金属とレアメタルの違い、性質や使用用途など科学的に…	0
遅くなり申し訳ございません明日火曜日に送信させていただきます。会社犬研究所	0
【新刊情報】図解速習 の見本が届きました😊。最新トレンドとその追い方や、無料クラウドの…	0
【新刊情報】月発売図解速習 手を動かしながらディープラーニングを学べる冊最新トレンドとその追い方や、無料クラウドのを活…	0
ただ今、さんでは入庫処理遅延により本書は購入できません。ネット書店では楽天さんやさんで入手できます。リアル書店では大きめの書店さんで入手可能です。	0
【増刷速報】わかばちゃんと学ぶ使い方入門の刷り目の増刷が決定しました🎉⇒わかばちゃんと学ぶ 使い方入門〈、、〉   湊川 あい  さんから	0
豊橋市の皆様、本書は精文館書店本店様のＦで入手できます 会社犬研究所	0
【人気ランキング更新】研究所の週間売れ筋書籍トップを更新しました 基礎からわかる が第位にランクイン🎉注目を集めるプログラミング言語・の解説書基本的な文法や、亜アーキテクチャについても詳しく解説…	0
皆様、『組込みエンジニアの教科書』はジュンク堂池袋本店で入手できます🐕会社犬研究所	0
皆様、『組込みエンジニアの教科書』はこのお店で手に入ります。コアな書の品揃えがバッチリある書泉ブックタワーさんへぜひどうぞ	0
【新刊情報】サイエンス レアメタル・レアアースの驚くべき能力私たちが知っている一般的な金属とレアメタルの違いはもちろん性質や使用用途、将来的な可能性までイラスト入りで科学…	0
【新刊情報】組込みエンジニアの教科書組込みエンジニアとして必要な知識・スキルを網羅的に解説した冊です。や を使った実践もあり、手を動かして覚え…	0
会社犬ラッキーコマ「まこちゃんとラッキー」最終回更新です坂上 年間ありがとうございました	0
おー、ありがとうございます🐕会社犬研究所	0
【人気ランキング更新】研究所の週間売れ筋書籍トップを更新しました 人気シリーズわかばちゃんと学ぶ使い方入門が第位にランクイン🎉マンガと実践で学ぶの入門書で、を使い始める人にオススメの冊です。…	0
弊社のロングセラーになります。一度、書店で手に取ってご覧になっていただければ幸いです🐕会社犬研究所	0
ぜひ🐕会社犬研究所	0
【新刊情報】サイエンス レアメタル・レアアースの驚くべき能力の見本が届きました😄私たちが知っている一般的な金属とレアメタルの違いはもちろん性質や使用用途、将来的な可能性まで…	0
【新刊情報】組込みエンジニアの教科書の見本が届きました😊ハードウェア・ソフトウェアの知識、組込みプログラムの概要、リアルタイム、スマートデバイス、組込みソフトウェアの開発プロセ…	0
ありがとうございました会社犬研究所	0
組み込みエンジニアの教科書、ネットワークエンジニアの教科書、ドラクエに学ぶチームマネージメントは完売です。技術書展	0
先行販売していた「組み込みエンジニアの教科書」間もなく完売です。技術書展	0
研究所は本日の技術書展の会場池袋サンシャインに到着ブースの設営中です技術書展	0
「運用☆ちゃんと学ぶシステム運用の基本」のキャンペーンですが、好評につき、期間を月いっぱいに延長しますぜひ、ご応募ください。	0
本日、これから託アワードでを受賞したお祝いを新潟駅前の「五郎万代店」で行います🏆「ラッキーの見たよ」と店内でお声かけ頂いた方には、生ビールか五郎酒と鶏の唐揚げを奢ります🐕会社犬研究所	0
皆様、月日日曜日の技術書展でお会いしましょう🐕☆「組み込みエンジニアの教科書」の先行販売☆既刊本は約で販売☆ここでしか買えない「出版社で技術書を出版する方法をそっと教えます」も販売場所池袋サン…	0
ロングセラーの名著です👏素晴らしい原稿を生み出していただいて感謝いたします会社犬研究所	0
【人気ランキング更新】研究所の週間売れ筋書籍トップを更新しました今週は「はじめて使う 弥生会計」が第位販売実績で日本一を誇る会計ソフト「弥生会計」の最新バージョンである「弥生会計 」の解説書毎週更新→	0
【年月度での弊社リアル本の実売ランキング】位はじめて使う 弥生会計🏆 位基礎からわかる 位わかばちゃん使い方入門位基礎から学ぶ 位わかばちゃんと学…	0
上梓、おめでとうございますおかげさまで素敵な本に仕上がりました。大勢の人に届くよう、しっかり売って行きます🐕会社犬研究所	0
上梓、おめでとうございますとっても素敵な本ができあがりました🌸ありがとうございますキャンペーンも続々応募が届いております会社犬研究所	0
湊川先生ありがとうございます🙏会社犬研究所	0
【新刊情報】運用☆ちゃんと学ぶ システム運用の基本の見本が出来上がりました😊マンガと解説でシステム運用のいろはを楽しく学習できる冊対象期間に本書『運用☆ちゃんと学ぶ システム運用の基本』をにてご購入いただいた方に、…	0
【増刷情報】わかばちゃんと学ぶ サイト制作の基本第刷が出来上がりました😄これからデザイン・サイト製作をはじめたい人にオススメの冊です。イラストも著者の先生も可愛くて癒やされます♡	0
●年月度の弊社の電子書籍の実売ランキング位わかばちゃんと学ぶ 🏆位基礎から学ぶ  位新人ガール使って業務プロセス改善 位情報整理術 位…	0
【人気ランキング更新】研究所の週間売れ筋書籍トップを更新しました今週は月新刊「改訂版関数逆引きハンドブック」が位関数逆引きリファレンスの定番書がの最新バージョンに合わせて改訂しまし…	0
【増刷情報】改訂版貿易実務の基礎がわかる本第刷が出来上がりました😄わかりやすい解説と、貿易に必要な知識をひととおりカバーするボリュームで好評の「貿易実務の基礎がわかる本」の改訂版です。年改定の「新貨物海上保…	0
『運用☆ちゃんと学ぶ システム運用の基本』のキャンペーンを本日より開始いたしました詳細は。ご応募いた…	0
【キャンペーン予告】『運用☆ちゃんと学ぶ システム運用の基本』のキャンペーンを月日から月日までの期間で開催しますでご購入いただい…	0
【好評発売中】改訂版 ネットワークエンジニアの教科書ネットワークエンジニアの業務や、ネットワークエンジニアに必須のスキルがぎっしりと詰まった冊	0
【好評発売中】働き方改革で潰れない会社の人事戦略良い人材を確保する方策についてわかりやすく解説	0
【人気ランキング更新】研究所の週間売れ筋書籍トップを更新しました気鋭のアニメ制作会社、神風動画のノウハウが詰まった「神風式 アニメーションの作りかた・魅せかた デジタル作画編」がランクイン🎉そして位はこの新刊…	0
出場できると思います。決勝のセンターコースに立つ姿が見る気がします🎌	0
【好評発売中】今までの人事対策では働き方改革に対応できません大胆な戦略で良い人材を確保する方策を「伝説の人事部長」が伝授します西方新刊「働き方改革で潰れない会社の人事戦略」	0
本書は月に発刊予定です。近々、ビッグなお知らせがあるのですが、上からまだ言うなと言われております。ここだけの話しですが、実は・・・・おっと誰かが来たようだＷ会社犬研究所⇒運用☆ちゃんと学ぶ システム…	0
【予約受付中】人事担当者にオススメ新刊「働き方改革で潰れない会社の人事戦略」労働環境の改善や良い人材を確保する方策について「伝説の人事部長」が丁寧に解説しています西方	0
【新刊情報】改訂版 関数逆引きハンドブックの見本が届きました😄関数逆引きリファレンスの定番書がに対応して改訂	0
【予約受付中】のなか見検索公開されました発売「働き方改革で潰れない会社の人事戦略」働き方改革の対応が難しいと考えている人事担当者必携の一冊です西方	0
ホワイトデー	0
【新刊情報】「働き方改革で潰れない会社の人事戦略」の見本が届きました万人以上の面接を行った「伝説の人事部長」と呼ばれる著者の経験から働き方改革に対応する企業が潰れないためのポイントや大胆な戦略で良い人材を確保する方策について…	0
誕生日会坂上	0
ありがとうございます❣今後ともよろしくお願いいたします🐕会社犬研究所	0
【人気ランキング更新】研究所の週間売れ筋書籍トップを更新しました今週はランキング常連の好評書籍が続々ランクイン位には今話題の「基礎からわかる 」も登場です位はおなじみあの書籍🌱気になるランキングはこちら…	0
えー🐕会社犬研究所	0
ありがとうございます会社犬研究所	0
沢渡あまね 湊川あい両先生の初コラボのゲラを先ほど目を通しました。「これ、スッゴく良い」というのが初見の印象です。マンガも解説も力が漲ってますね。会社犬からもお薦めします🐕会社犬研究所⇒運…	0
【増刷情報】基礎から学ぶ 第刷が出来上がりました😆本書はリファレンス形式でについて丁寧に解説しています。著者による図解もわかりやすく、のことがよく理解できる冊ねこちゃんがニャンとも可…	0
【増刷情報】インフラエンジニアの教科書第刷が出来上がりました😄これからインフラエンジニアを目指す人はもちろん、現役のインフラエンジニアの方にも役に立つ冊	0
【年月度 弊社の電子書籍実売ランキング】位わかばちゃん使い方 位基礎から学ぶ  位情報整理術 位新人ガール 使って業務プロセス改善位ビギナーズガイド会社犬がリーク	0
【予約受付中】月新刊「働き方改革で潰れない会社の人事戦略」の立ち読みページ公開しました各項目の最後に改善ポイントがられているので、理解しやすいです。西方立ち読みはこちら→	0
【予約受付中】働き方改革の人事対策が遅れると倒産の可能性大です「伝説の人事部長」と呼ばれる著者が人事戦略をわかりやすく解説西方「働き方改革で潰れない会社の人事戦略」	0
【人気ランキング更新】研究所の週間売れ筋書籍トップを更新しましたついに発売🎉新刊「基礎からわかる 」が第位に登場アプリを開発するための新しい言語「」の基本とポイントを解説第位も期待の新刊🌟…	0
【年月度 での弊社のリアル本実売ランキング】位 わかばちゃんと学ぶ 使い方入門位 今すぐ使えるレシピブック位 はじめて使う 弥生会計位 基礎から学ぶ 位 基礎…	0
ありがとうございます🐕会社犬研究所	0
さんでの入庫作業が完了し、注文可能になりました。お待たせいたしました	0
【速報】わかばちゃん本の増刷が決定しました⇒わかばちゃんと学ぶ サイト制作の基本〈・〉   湊川 あい  さんから	0
本書はさんでは本日から発売予定ですが、システムトラブルらしく在庫なしステータスになってますね。ただ今、さんに問い合わせ中です。ご迷惑をおかけして申し訳ございません⇒基礎からわかる …	0
【人気ランキング更新】研究所の週間売れ筋書籍トップを更新しました大好評の「ネットワークエンジニアの教科書」の改訂版がランクイン最新情報がつまっています✨第位は早くも第刷ができたあの書籍気になるランキングはこ…	0
研究所の書籍は全国書店やや楽天ブックスなどネット書店で買うことができます。一般書店の店頭にない場合は、レジにてご注文いただければ取り寄せ可能です会社犬研究所	0
【増刷情報】わかばちゃんと学ぶ アナリティクス第刷が出来上がりました😄個性的なキャラクターたちが登場感覚的にわかる図解がたっぷりまた丁寧な実践パートも大好評です	0
【増刷情報】［図解］超早わかり 歳成人と法律第刷が出来上がりました😄「高校教育の対応」「成人式のあり方」「被選挙権年齢の引き下げ」「少年法上限年齢の引き下げ」などもイラスト入りでわかりやすく紹介大変ご好評いただいています…	0
ありがとうございます会社犬研究所	0
【新刊情報】改訂版 ネットワークエンジニアの教科書ネットワークエンジニアの業務や、ネットワークエンジニアに必須のスキルがぎっしりと詰まった冊です。これからエンジニアを目指す人や、現場のエンジニアにオススメ…	0
ありがとうございます会社犬研究所	0
ありがとうございます会社犬研究所	0
ありがとうございます会社犬研究所	0
ただ今、印刷ラインから製本ラインに流れていってます会社犬研究所	0
ありがとうございます会社犬研究所	0
そうですかおめでとうございます会社犬研究所	0
ありがとうございます会社犬研究所	0
ありがとうございます会社犬研究所	0
長らくお待たせしました。『基礎からわかる 』の見本が出来上がりました。での発売は月日となります。よろしくお願いします。	0
【人気ランキング更新】研究所の週間売れ筋書籍トップを更新しました今週位「基礎から学ぶ 」を読んだあとは位の「ビギナーズガイド」もおすすめです🐱🌟位は先週からランクアップしたこの新刊…	0
ありがとうございます会社犬研究所	0
月間売れ筋ランキング集計期間一位に輝いたのはあの本だった	0
さんでを受賞させていただきました会社犬研究所	0
こちらこそ恐縮です。ありがとうございます会社犬研究所	0
お手数をおかけしまして、申し訳ございません。や楽天ブックスからは予約できますが、さんはまだ登録がされていないようです。ただ今、運営会社のトーハンさんに催促いたしました。会社犬研究所	0
【ブログ更新しました】会社犬ラッキーコマ「まこちゃんとラッキー」第話更新です坂上	0
はい。本当です書店さんやネット書店にはご案内済みです。会社犬研究所	0
テレビに出演しませんかビジネスもありますね。こちらがお金を支払うんですねどｗ弊社にも何度かそういう電話が来ました会社犬	0
【人気ランキング更新】研究所の週間売れ筋書籍トップを更新しましたを使いこなすためのテクニックをた新刊「今すぐ使えるレシピブック」が第位に位は先週からランクインしていたこの書籍が獲得🎊…	0
学校関連で大反響の「［図解］超早わかり歳成人と法律」「国民投票法入門」著者の南部義典先生がのラジオ「久米宏ラジオなんですけど」に生出演されました国民投票や歳成人のお話は必聴です。ぜひ、お聞きください西方	0
【増刷速報】不朽のロングセラー「インフラエンジニアの教科書」の刷り目の増刷が決定▲インフラエンジニアの教科書   佐野 裕 著 さんから	0
「今すぐ使えるレシピブック」がデザイン情報サイト「コリス」におすすめの良書として掲載されました🐿記事はこちら→	0
【臨時告知】学校関連で大反響の「［図解］超早わかり歳成人と法律」著者の南部義典先生がのラジオ「久米宏ラジオなんですけど」にゲストとして生出演しますぜひ、お聞きください西方	0
